"id","lane","lane_order","language","prompt_id","config","reason","output_folder"
"lane-a-001","a","1","java","app-configuration-dp-java-crud","java-azure-skills/azure-skill-mcp","tool_load_failure","rerun-reports\lane-a\001"
"lane-a-002","a","2","java","app-configuration-dp-java-crud","java-azure-skills/azure-skill-mcp-microsoft-skill","tool_load_failure","rerun-reports\lane-a\002"
"lane-a-003","a","3","java","app-configuration-dp-java-feature-flags","java-azure-skills/azure-skill-mcp","SDK timeout","rerun-reports\lane-a\003"
"lane-a-004","a","4","java","app-configuration-dp-java-feature-flags","java-azure-skills/azure-skill-mcp-microsoft-skill","tool_load_failure","rerun-reports\lane-a\004"
"lane-a-005","a","5","java","cosmos-db-dp-java-crud","java-azure-skills/azure-skill-mcp","tool_load_failure","rerun-reports\lane-a\005"
"lane-a-006","a","6","java","cosmos-db-dp-java-crud","java-azure-skills/azure-skill-mcp-microsoft-skill","tool_load_failure","rerun-reports\lane-a\006"
"lane-a-007","a","7","java","cosmos-db-dp-java-todo-repository","java-azure-skills/azure-skill-mcp","SDK timeout","rerun-reports\lane-a\007"
"lane-a-008","a","8","java","cosmos-db-dp-java-todo-repository","java-azure-skills/azure-skill-mcp-microsoft-skill","SDK timeout","rerun-reports\lane-a\008"
"lane-a-009","a","9","java","event-hubs-dp-java-streaming","java-azure-skills/azure-skill-mcp","tool_load_failure","rerun-reports\lane-a\009"
"lane-a-010","a","10","java","event-hubs-dp-java-streaming","java-azure-skills/azure-skill-mcp-microsoft-skill","tool_load_failure","rerun-reports\lane-a\010"
"lane-a-011","a","11","java","identity-dp-java-credential-chain","java-azure-skills/azure-skill-mcp","SDK timeout","rerun-reports\lane-a\011"
"lane-a-012","a","12","java","identity-dp-java-credential-chain","java-azure-skills/azure-skill-mcp-microsoft-skill","tool_load_failure","rerun-reports\lane-a\012"
"lane-a-013","a","13","java","identity-dp-java-default-credential","java-azure-skills/azure-skill-mcp","tool_load_failure","rerun-reports\lane-a\013"
"lane-a-014","a","14","java","identity-dp-java-default-credential","java-azure-skills/azure-skill-mcp-microsoft-skill","tool_load_failure","rerun-reports\lane-a\014"
"lane-a-015","a","15","java","identity-dp-java-managed-identity","java-azure-skills/azure-skill-mcp","tool_load_failure","rerun-reports\lane-a\015"
"lane-a-016","a","16","java","identity-dp-java-managed-identity","java-azure-skills/azure-skill-mcp-microsoft-skill","missing report","rerun-reports\lane-a\016"
"lane-a-017","a","17","java","identity-dp-java-service-principal","java-azure-skills/azure-skill-mcp","missing report","rerun-reports\lane-a\017"
"lane-a-018","a","18","java","identity-dp-java-service-principal","java-azure-skills/azure-skill-mcp-microsoft-skill","tool_load_failure","rerun-reports\lane-a\018"
"lane-a-019","a","19","java","identity-dp-java-service-principal","java-azure-skills/baseline","missing report","rerun-reports\lane-a\019"
"lane-a-020","a","20","java","key-vault-dp-java-crud","java-azure-skills/azure-skill-mcp","tool_load_failure","rerun-reports\lane-a\020"
"lane-a-021","a","21","java","key-vault-dp-java-crud","java-azure-skills/azure-skill-mcp-microsoft-skill","tool_load_failure","rerun-reports\lane-a\021"
"lane-a-022","a","22","java","key-vault-dp-java-secret-config","java-azure-skills/azure-skill-mcp","tool_load_failure","rerun-reports\lane-a\022"
"lane-a-023","a","23","java","key-vault-dp-java-secret-config","java-azure-skills/azure-skill-mcp-microsoft-skill","tool_load_failure","rerun-reports\lane-a\023"
"lane-a-024","a","24","java","resource-manager-mp-java-rg-crud","java-azure-skills/azure-skill-mcp","tool_load_failure","rerun-reports\lane-a\024"
"lane-a-025","a","25","java","resource-manager-mp-java-rg-crud","java-azure-skills/azure-skill-mcp-microsoft-skill","tool_load_failure","rerun-reports\lane-a\025"
"lane-a-026","a","26","java","service-bus-dp-java-crud","java-azure-skills/azure-skill-mcp","missing report","rerun-reports\lane-a\026"
"lane-a-027","a","27","java","service-bus-dp-java-crud","java-azure-skills/azure-skill-mcp-microsoft-skill","tool_load_failure","rerun-reports\lane-a\027"
"lane-a-028","a","28","java","service-bus-dp-java-crud","java-azure-skills/baseline","missing report","rerun-reports\lane-a\028"
"lane-a-029","a","29","java","service-bus-dp-java-order-processor","java-azure-skills/azure-skill-mcp","missing report","rerun-reports\lane-a\029"
"lane-a-030","a","30","java","service-bus-dp-java-order-processor","java-azure-skills/azure-skill-mcp-microsoft-skill","missing report","rerun-reports\lane-a\030"
"lane-a-031","a","31","java","storage-dp-java-blob-event-notifier","java-azure-skills/azure-skill-mcp","missing report","rerun-reports\lane-a\031"
"lane-a-032","a","32","java","storage-dp-java-blob-event-notifier","java-azure-skills/azure-skill-mcp-microsoft-skill","missing report","rerun-reports\lane-a\032"
"lane-a-033","a","33","java","storage-dp-java-blob-event-notifier","java-azure-skills/baseline","missing report","rerun-reports\lane-a\033"
"lane-a-034","a","34","java","storage-dp-java-blob-manager","java-azure-skills/azure-skill-mcp","missing report","rerun-reports\lane-a\034"
"lane-a-035","a","35","java","storage-dp-java-blob-manager","java-azure-skills/azure-skill-mcp-microsoft-skill","missing report","rerun-reports\lane-a\035"
"lane-a-036","a","36","java","storage-dp-java-blob-manager","java-azure-skills/baseline","missing report","rerun-reports\lane-a\036"
"lane-a-037","a","37","java","storage-dp-java-crud","java-azure-skills/azure-skill-mcp","missing report","rerun-reports\lane-a\037"
"lane-a-038","a","38","java","storage-dp-java-crud","java-azure-skills/azure-skill-mcp-microsoft-skill","missing report","rerun-reports\lane-a\038"
"lane-a-039","a","39","java","storage-dp-java-crud","java-azure-skills/baseline","missing report","rerun-reports\lane-a\039"
"lane-a-040","a","40","java","storage-dp-java-encrypted-uploader","java-azure-skills/azure-skill-mcp","missing report","rerun-reports\lane-a\040"
"lane-a-041","a","41","java","storage-dp-java-encrypted-uploader","java-azure-skills/azure-skill-mcp-microsoft-skill","missing report","rerun-reports\lane-a\041"
"lane-a-042","a","42","java","storage-dp-java-encrypted-uploader","java-azure-skills/baseline","missing report","rerun-reports\lane-a\042"
"lane-a-043","a","43","java","storage-mp-java-account-mgmt","java-azure-skills/azure-skill-mcp","missing report","rerun-reports\lane-a\043"
"lane-a-044","a","44","java","storage-mp-java-account-mgmt","java-azure-skills/baseline","missing report","rerun-reports\lane-a\044"
"lane-a-045","a","45","js-ts","app-configuration-dp-js-ts-crud","js-ts-azure-skills/azure-skill-mcp","tool_load_failure","rerun-reports\lane-a\045"
"lane-a-046","a","46","js-ts","app-configuration-dp-js-ts-crud","js-ts-azure-skills/azure-skill-mcp-microsoft-skill","tool_load_failure","rerun-reports\lane-a\046"
"lane-a-047","a","47","js-ts","cosmos-db-dp-js-ts-crud","js-ts-azure-skills/azure-skill-mcp","tool_load_failure","rerun-reports\lane-a\047"
"lane-a-048","a","48","js-ts","cosmos-db-dp-js-ts-crud","js-ts-azure-skills/azure-skill-mcp-microsoft-skill","tool_load_failure","rerun-reports\lane-a\048"
"lane-a-049","a","49","js-ts","event-hubs-dp-js-ts-streaming","js-ts-azure-skills/azure-skill-mcp","SDK timeout","rerun-reports\lane-a\049"
"lane-a-050","a","50","js-ts","event-hubs-dp-js-ts-streaming","js-ts-azure-skills/azure-skill-mcp-microsoft-skill","SDK timeout","rerun-reports\lane-a\050"
"lane-a-051","a","51","js-ts","identity-dp-js-ts-default-credential","js-ts-azure-skills/azure-skill-mcp","tool_load_failure","rerun-reports\lane-a\051"
"lane-a-052","a","52","js-ts","identity-dp-js-ts-default-credential","js-ts-azure-skills/azure-skill-mcp-microsoft-skill","tool_load_failure","rerun-reports\lane-a\052"
"lane-a-053","a","53","js-ts","identity-dp-js-ts-managed-identity","js-ts-azure-skills/azure-skill-mcp","tool_load_failure","rerun-reports\lane-a\053"
"lane-a-054","a","54","js-ts","identity-dp-js-ts-managed-identity","js-ts-azure-skills/azure-skill-mcp-microsoft-skill","tool_load_failure","rerun-reports\lane-a\054"
"lane-a-055","a","55","js-ts","identity-dp-js-ts-service-principal","js-ts-azure-skills/azure-skill-mcp","tool_load_failure","rerun-reports\lane-a\055"
"lane-a-056","a","56","js-ts","identity-dp-js-ts-service-principal","js-ts-azure-skills/azure-skill-mcp-microsoft-skill","tool_load_failure","rerun-reports\lane-a\056"
"lane-a-057","a","57","js-ts","key-vault-dp-js-ts-crud","js-ts-azure-skills/azure-skill-mcp","tool_load_failure","rerun-reports\lane-a\057"
"lane-a-058","a","58","js-ts","key-vault-dp-js-ts-crud","js-ts-azure-skills/azure-skill-mcp-microsoft-skill","tool_load_failure","rerun-reports\lane-a\058"
"lane-a-059","a","59","js-ts","key-vault-dp-js-ts-secret-config","js-ts-azure-skills/azure-skill-mcp","tool_load_failure","rerun-reports\lane-a\059"
"lane-a-060","a","60","js-ts","key-vault-dp-js-ts-secret-config","js-ts-azure-skills/azure-skill-mcp-microsoft-skill","tool_load_failure","rerun-reports\lane-a\060"
"lane-a-061","a","61","js-ts","resource-manager-mp-js-ts-rg-crud","js-ts-azure-skills/azure-skill-mcp","tool_load_failure","rerun-reports\lane-a\061"
"lane-a-062","a","62","js-ts","resource-manager-mp-js-ts-rg-crud","js-ts-azure-skills/azure-skill-mcp-microsoft-skill","tool_load_failure","rerun-reports\lane-a\062"
"lane-a-063","a","63","js-ts","service-bus-dp-js-ts-crud","js-ts-azure-skills/azure-skill-mcp","tool_load_failure","rerun-reports\lane-a\063"
"lane-a-064","a","64","js-ts","service-bus-dp-js-ts-crud","js-ts-azure-skills/azure-skill-mcp-microsoft-skill","tool_load_failure","rerun-reports\lane-a\064"
"lane-a-065","a","65","js-ts","storage-dp-js-ts-blob-manager","js-ts-azure-skills/azure-skill-mcp","tool_load_failure","rerun-reports\lane-a\065"
"lane-a-066","a","66","js-ts","storage-dp-js-ts-blob-manager","js-ts-azure-skills/azure-skill-mcp-microsoft-skill","tool_load_failure","rerun-reports\lane-a\066"
"lane-a-067","a","67","js-ts","storage-dp-js-ts-crud","js-ts-azure-skills/azure-skill-mcp","tool_load_failure","rerun-reports\lane-a\067"
"lane-a-068","a","68","js-ts","storage-dp-js-ts-crud","js-ts-azure-skills/azure-skill-mcp-microsoft-skill","tool_load_failure","rerun-reports\lane-a\068"
"lane-a-069","a","69","js-ts","storage-dp-js-ts-encrypted-uploader","js-ts-azure-skills/azure-skill-mcp","SDK timeout","rerun-reports\lane-a\069"
"lane-a-070","a","70","js-ts","storage-dp-js-ts-encrypted-uploader","js-ts-azure-skills/azure-skill-mcp-microsoft-skill","tool_load_failure","rerun-reports\lane-a\070"
"lane-a-071","a","71","js-ts","storage-mp-js-ts-account-mgmt","js-ts-azure-skills/azure-skill-mcp","tool_load_failure","rerun-reports\lane-a\071"
"lane-a-072","a","72","js-ts","storage-mp-js-ts-account-mgmt","js-ts-azure-skills/azure-skill-mcp-microsoft-skill","tool_load_failure","rerun-reports\lane-a\072"
"lane-b-001","b","1","dotnet","app-configuration-dp-dotnet-crud","dotnet-azure-skills/azure-skill-mcp","tool_load_failure","rerun-reports\lane-b\001"
"lane-b-002","b","2","dotnet","app-configuration-dp-dotnet-crud","dotnet-azure-skills/azure-skill-mcp-microsoft-skill","tool_load_failure","rerun-reports\lane-b\002"
"lane-b-003","b","3","dotnet","cosmos-db-dp-dotnet-crud","dotnet-azure-skills/azure-skill-mcp","tool_load_failure","rerun-reports\lane-b\003"
"lane-b-004","b","4","dotnet","cosmos-db-dp-dotnet-crud","dotnet-azure-skills/azure-skill-mcp-microsoft-skill","tool_load_failure","rerun-reports\lane-b\004"
"lane-b-005","b","5","dotnet","cosmos-db-dp-dotnet-error-handling","dotnet-azure-skills/azure-skill-mcp","tool_load_failure","rerun-reports\lane-b\005"
"lane-b-006","b","6","dotnet","cosmos-db-dp-dotnet-error-handling","dotnet-azure-skills/azure-skill-mcp-microsoft-skill","tool_load_failure","rerun-reports\lane-b\006"
"lane-b-007","b","7","dotnet","cosmos-db-dp-dotnet-pagination","dotnet-azure-skills/azure-skill-mcp","tool_load_failure","rerun-reports\lane-b\007"
"lane-b-008","b","8","dotnet","cosmos-db-dp-dotnet-pagination","dotnet-azure-skills/azure-skill-mcp-microsoft-skill","tool_load_failure","rerun-reports\lane-b\008"
"lane-b-009","b","9","dotnet","event-hubs-dp-dotnet-streaming","dotnet-azure-skills/azure-skill-mcp","tool_load_failure","rerun-reports\lane-b\009"
"lane-b-010","b","10","dotnet","event-hubs-dp-dotnet-streaming","dotnet-azure-skills/azure-skill-mcp-microsoft-skill","tool_load_failure","rerun-reports\lane-b\010"
"lane-b-011","b","11","dotnet","identity-dp-dotnet-default-credential","dotnet-azure-skills/azure-skill-mcp","tool_load_failure","rerun-reports\lane-b\011"
"lane-b-012","b","12","dotnet","identity-dp-dotnet-default-credential","dotnet-azure-skills/azure-skill-mcp-microsoft-skill","tool_load_failure","rerun-reports\lane-b\012"
"lane-b-013","b","13","dotnet","identity-dp-dotnet-managed-identity","dotnet-azure-skills/azure-skill-mcp","tool_load_failure","rerun-reports\lane-b\013"
"lane-b-014","b","14","dotnet","identity-dp-dotnet-managed-identity","dotnet-azure-skills/azure-skill-mcp-microsoft-skill","SDK timeout","rerun-reports\lane-b\014"
"lane-b-015","b","15","dotnet","identity-dp-dotnet-service-principal","dotnet-azure-skills/azure-skill-mcp","tool_load_failure","rerun-reports\lane-b\015"
"lane-b-016","b","16","dotnet","identity-dp-dotnet-service-principal","dotnet-azure-skills/azure-skill-mcp-microsoft-skill","tool_load_failure","rerun-reports\lane-b\016"
"lane-b-017","b","17","dotnet","key-vault-dp-dotnet-crud","dotnet-azure-skills/azure-skill-mcp","tool_load_failure","rerun-reports\lane-b\017"
"lane-b-018","b","18","dotnet","key-vault-dp-dotnet-crud","dotnet-azure-skills/azure-skill-mcp-microsoft-skill","tool_load_failure","rerun-reports\lane-b\018"
"lane-b-019","b","19","dotnet","key-vault-dp-dotnet-error-handling","dotnet-azure-skills/azure-skill-mcp","tool_load_failure","rerun-reports\lane-b\019"
"lane-b-020","b","20","dotnet","key-vault-dp-dotnet-error-handling","dotnet-azure-skills/azure-skill-mcp-microsoft-skill","tool_load_failure","rerun-reports\lane-b\020"
"lane-b-021","b","21","dotnet","key-vault-dp-dotnet-pagination","dotnet-azure-skills/azure-skill-mcp","tool_load_failure","rerun-reports\lane-b\021"
"lane-b-022","b","22","dotnet","key-vault-dp-dotnet-pagination","dotnet-azure-skills/azure-skill-mcp-microsoft-skill","tool_load_failure","rerun-reports\lane-b\022"
"lane-b-023","b","23","dotnet","key-vault-mp-dotnet-polling","dotnet-azure-skills/azure-skill-mcp","SDK timeout","rerun-reports\lane-b\023"
"lane-b-024","b","24","dotnet","key-vault-mp-dotnet-polling","dotnet-azure-skills/azure-skill-mcp-microsoft-skill","tool_load_failure","rerun-reports\lane-b\024"
"lane-b-025","b","25","dotnet","resource-manager-mp-dotnet-rg-crud","dotnet-azure-skills/azure-skill-mcp","tool_load_failure","rerun-reports\lane-b\025"
"lane-b-026","b","26","dotnet","resource-manager-mp-dotnet-rg-crud","dotnet-azure-skills/azure-skill-mcp-microsoft-skill","tool_load_failure","rerun-reports\lane-b\026"
"lane-b-027","b","27","dotnet","service-bus-dp-dotnet-crud","dotnet-azure-skills/azure-skill-mcp","tool_load_failure","rerun-reports\lane-b\027"
"lane-b-028","b","28","dotnet","service-bus-dp-dotnet-crud","dotnet-azure-skills/azure-skill-mcp-microsoft-skill","tool_load_failure","rerun-reports\lane-b\028"
"lane-b-029","b","29","dotnet","storage-dp-dotnet-auth","dotnet-azure-skills/azure-skill-mcp","tool_load_failure","rerun-reports\lane-b\029"
"lane-b-030","b","30","dotnet","storage-dp-dotnet-auth","dotnet-azure-skills/azure-skill-mcp-microsoft-skill","tool_load_failure","rerun-reports\lane-b\030"
"lane-b-031","b","31","dotnet","storage-dp-dotnet-batch","dotnet-azure-skills/azure-skill-mcp","tool_load_failure","rerun-reports\lane-b\031"
"lane-b-032","b","32","dotnet","storage-dp-dotnet-batch","dotnet-azure-skills/azure-skill-mcp-microsoft-skill","tool_load_failure","rerun-reports\lane-b\032"
"lane-b-033","b","33","dotnet","storage-dp-dotnet-error-handling","dotnet-azure-skills/azure-skill-mcp","tool_load_failure","rerun-reports\lane-b\033"
"lane-b-034","b","34","dotnet","storage-dp-dotnet-error-handling","dotnet-azure-skills/azure-skill-mcp-microsoft-skill","tool_load_failure","rerun-reports\lane-b\034"
"lane-b-035","b","35","dotnet","storage-dp-dotnet-retries","dotnet-azure-skills/azure-skill-mcp","tool_load_failure","rerun-reports\lane-b\035"
"lane-b-036","b","36","dotnet","storage-dp-dotnet-retries","dotnet-azure-skills/azure-skill-mcp-microsoft-skill","tool_load_failure","rerun-reports\lane-b\036"
"lane-b-037","b","37","dotnet","storage-mp-dotnet-account-mgmt","dotnet-azure-skills/azure-skill-mcp","tool_load_failure","rerun-reports\lane-b\037"
"lane-b-038","b","38","dotnet","storage-mp-dotnet-account-mgmt","dotnet-azure-skills/azure-skill-mcp-microsoft-skill","tool_load_failure","rerun-reports\lane-b\038"
"lane-b-039","b","39","dotnet","storage-mp-dotnet-polling","dotnet-azure-skills/azure-skill-mcp","tool_load_failure","rerun-reports\lane-b\039"
"lane-b-040","b","40","dotnet","storage-mp-dotnet-polling","dotnet-azure-skills/azure-skill-mcp-microsoft-skill","tool_load_failure","rerun-reports\lane-b\040"
"lane-b-041","b","41","python","app-configuration-dp-python-crud","python-azure-skills/azure-skill-mcp","tool_load_failure","rerun-reports\lane-b\041"
"lane-b-042","b","42","python","app-configuration-dp-python-crud","python-azure-skills/azure-skill-mcp-microsoft-skill","missing report","rerun-reports\lane-b\042"
"lane-b-043","b","43","python","app-configuration-dp-python-feature-flags","python-azure-skills/azure-skill-mcp","missing report","rerun-reports\lane-b\043"
"lane-b-044","b","44","python","app-configuration-dp-python-feature-flags","python-azure-skills/azure-skill-mcp-microsoft-skill","tool_load_failure","rerun-reports\lane-b\044"
"lane-b-045","b","45","python","app-configuration-dp-python-feature-flags","python-azure-skills/baseline","missing report","rerun-reports\lane-b\045"
"lane-b-046","b","46","python","cosmos-db-dp-python-crud","python-azure-skills/azure-skill-mcp","tool_load_failure","rerun-reports\lane-b\046"
"lane-b-047","b","47","python","cosmos-db-dp-python-crud","python-azure-skills/azure-skill-mcp-microsoft-skill","tool_load_failure","rerun-reports\lane-b\047"
"lane-b-048","b","48","python","cosmos-db-dp-python-todo-repository","python-azure-skills/azure-skill-mcp","missing report","rerun-reports\lane-b\048"
"lane-b-049","b","49","python","cosmos-db-dp-python-todo-repository","python-azure-skills/azure-skill-mcp-microsoft-skill","missing report","rerun-reports\lane-b\049"
"lane-b-050","b","50","python","event-hubs-dp-python-streaming","python-azure-skills/azure-skill-mcp","missing report","rerun-reports\lane-b\050"
"lane-b-051","b","51","python","event-hubs-dp-python-streaming","python-azure-skills/azure-skill-mcp-microsoft-skill","tool_load_failure","rerun-reports\lane-b\051"
"lane-b-052","b","52","python","event-hubs-dp-python-streaming","python-azure-skills/baseline","missing report","rerun-reports\lane-b\052"
"lane-b-053","b","53","python","identity-dp-python-credential-chain","python-azure-skills/azure-skill-mcp","SDK timeout","rerun-reports\lane-b\053"
"lane-b-054","b","54","python","identity-dp-python-credential-chain","python-azure-skills/azure-skill-mcp-microsoft-skill","tool_load_failure","rerun-reports\lane-b\054"
"lane-b-055","b","55","python","identity-dp-python-default-credential","python-azure-skills/azure-skill-mcp","tool_load_failure","rerun-reports\lane-b\055"
"lane-b-056","b","56","python","identity-dp-python-default-credential","python-azure-skills/azure-skill-mcp-microsoft-skill","tool_load_failure","rerun-reports\lane-b\056"
"lane-b-057","b","57","python","identity-dp-python-managed-identity","python-azure-skills/azure-skill-mcp","tool_load_failure","rerun-reports\lane-b\057"
"lane-b-058","b","58","python","identity-dp-python-managed-identity","python-azure-skills/azure-skill-mcp-microsoft-skill","tool_load_failure","rerun-reports\lane-b\058"
"lane-b-059","b","59","python","identity-dp-python-service-principal","python-azure-skills/azure-skill-mcp","tool_load_failure","rerun-reports\lane-b\059"
"lane-b-060","b","60","python","identity-dp-python-service-principal","python-azure-skills/azure-skill-mcp-microsoft-skill","tool_load_failure","rerun-reports\lane-b\060"
"lane-b-061","b","61","python","key-vault-dp-python-crud","python-azure-skills/azure-skill-mcp","tool_load_failure","rerun-reports\lane-b\061"
"lane-b-062","b","62","python","key-vault-dp-python-crud","python-azure-skills/azure-skill-mcp-microsoft-skill","tool_load_failure","rerun-reports\lane-b\062"
"lane-b-063","b","63","python","key-vault-dp-python-secret-config","python-azure-skills/azure-skill-mcp","tool_load_failure","rerun-reports\lane-b\063"
"lane-b-064","b","64","python","key-vault-dp-python-secret-config","python-azure-skills/azure-skill-mcp-microsoft-skill","tool_load_failure","rerun-reports\lane-b\064"
"lane-b-065","b","65","python","resource-manager-mp-python-rg-crud","python-azure-skills/azure-skill-mcp","tool_load_failure","rerun-reports\lane-b\065"
"lane-b-066","b","66","python","resource-manager-mp-python-rg-crud","python-azure-skills/azure-skill-mcp-microsoft-skill","tool_load_failure","rerun-reports\lane-b\066"
"lane-b-067","b","67","python","service-bus-dp-python-crud","python-azure-skills/azure-skill-mcp","tool_load_failure","rerun-reports\lane-b\067"
"lane-b-068","b","68","python","service-bus-dp-python-crud","python-azure-skills/azure-skill-mcp-microsoft-skill","tool_load_failure","rerun-reports\lane-b\068"
"lane-b-069","b","69","python","service-bus-dp-python-order-processor","python-azure-skills/azure-skill-mcp","tool_load_failure","rerun-reports\lane-b\069"
"lane-b-070","b","70","python","service-bus-dp-python-order-processor","python-azure-skills/azure-skill-mcp-microsoft-skill","tool_load_failure","rerun-reports\lane-b\070"
"lane-b-071","b","71","python","storage-dp-python-blob-event-notifier","python-azure-skills/azure-skill-mcp","tool_load_failure","rerun-reports\lane-b\071"
"lane-b-072","b","72","python","storage-dp-python-blob-event-notifier","python-azure-skills/azure-skill-mcp-microsoft-skill","tool_load_failure","rerun-reports\lane-b\072"
"lane-b-073","b","73","python","storage-dp-python-blob-manager","python-azure-skills/azure-skill-mcp","tool_load_failure","rerun-reports\lane-b\073"
"lane-b-074","b","74","python","storage-dp-python-blob-manager","python-azure-skills/azure-skill-mcp-microsoft-skill","tool_load_failure","rerun-reports\lane-b\074"
"lane-b-075","b","75","python","storage-dp-python-crud","python-azure-skills/azure-skill-mcp","tool_load_failure","rerun-reports\lane-b\075"
"lane-b-076","b","76","python","storage-dp-python-crud","python-azure-skills/azure-skill-mcp-microsoft-skill","tool_load_failure","rerun-reports\lane-b\076"
"lane-b-077","b","77","python","storage-dp-python-encrypted-uploader","python-azure-skills/azure-skill-mcp","tool_load_failure","rerun-reports\lane-b\077"
"lane-b-078","b","78","python","storage-mp-python-account-mgmt","python-azure-skills/azure-skill-mcp","tool_load_failure","rerun-reports\lane-b\078"
"lane-b-079","b","79","python","storage-mp-python-account-mgmt","python-azure-skills/azure-skill-mcp-microsoft-skill","tool_load_failure","rerun-reports\lane-b\079"
